miRNA, Clontech_trimmed.4_acc.fq, Illumina_trimmed.4_acc.fq, NEB_trimmed.4_acc.fq, NEXT_trimmed.4_acc.fq, directional_deduped_lib_align_seed15_acc_4_bam2fastq.fq, Five_double_acc_4.fq
miRNAtotal, 45230516, 35390927, 17853342, 29532219, 2552653, 1433296
synth_miRNA-1-EBV-MIR-BART10, 2219, 50498, 244520, 37103, 3779, 1738
synth_miRNA-10-EBV-MIR-BART1-5P, 26640, 2802, 13092, 65193, 5772, 3244
synth_miRNA-100-RLCV-MIR-RL1-8, 156750, 3315, 1453, 5959, 1542, 284
synth_miRNA-101-RLCV-MIR-RL1-9, 14520, 2736, 2275, 72741, 2033, 3544
synth_miRNA-102-SV40-MIR-S1, 63761, 3667, 42917, 82435, 3745, 4138
synth_miRNA-103-SV40-MIR-S1-5P, 4420, 10007, 2247, 817, 495, 45
synth_miRNA-104-LET-7A, 8049, 3648, 6430, 23493, 2416, 1094
synth_miRNA-105-LET-7B, 15191, 1854, 3499, 8028, 1527, 316
synth_miRNA-106-LET-7C, 12719, 7287, 4747, 11697, 1925, 520
synth_miRNA-107-LET-7D*, 13870, 1669, 1475, 8974, 1847, 419
synth_miRNA-108-LET-7D, 30144, 2680, 1550, 16735, 1984, 811
synth_miRNA-109-LET-7E, 16589, 2810, 1608, 6388, 1545, 296
synth_miRNA-11-EBV-MIR-BART16, 23050, 2786, 12505, 18408, 2331, 873
synth_miRNA-110-LET-7F, 37921, 6817, 11113, 28262, 3052, 1345
synth_miRNA-111-LET-7G, 50153, 20704, 37923, 48181, 3575, 2323
synth_miRNA-112-LET-7I, 35347, 45604, 96184, 32882, 3415, 1594
synth_miRNA-113-MIR-1, 6121, 164, 1984, 13157, 1593, 637
synth_miRNA-114-MIR-100, 16915, 414266, 157519, 101594, 7260, 4853
synth_miRNA-115-MIR-101, 9739, 15531, 14461, 14484, 2426, 686
synth_miRNA-116-MIR-103, 25820, 20133, 22017, 90034, 6380, 4419
synth_miRNA-117-MIR-105, 68752, 4394, 9490, 51126, 5311, 2561
synth_miRNA-118-MIR-106A, 5304, 633, 1289, 4213, 1324, 197
synth_miRNA-119-MIR-106B, 2966, 1143, 936, 10406, 2279, 472
synth_miRNA-12-EBV-MIR-BART17, 4576, 1301, 1213, 28822, 2255, 1355
synth_miRNA-120-MIR-107, 23272, 13460, 5472, 23952, 3060, 1131
synth_miRNA-121-MIR-10A, 14911, 264879, 53245, 80862, 6745, 3702
synth_miRNA-122-MIR-10B, 13569, 420320, 88452, 107814, 6735, 5164
synth_miRNA-123-MIR-122, 25879, 1663, 2353, 15641, 2306, 757
synth_miRNA-124-MIR-124, 4945, 7242, 4877, 12895, 1786, 522
synth_miRNA-125-MIR-125A, 123300, 25831, 2160, 36749, 4725, 1798
synth_miRNA-126-MIR-125B, 47456, 16429, 4504, 33099, 3718, 1542
synth_miRNA-127-MIR-126, 17592, 1638, 13573, 11525, 2218, 596
synth_miRNA-128-MIR-126-5P, 251222, 139995, 1498, 15464, 2233, 772
synth_miRNA-129-MIR-127, 33165, 1168470, 203190, 77442, 5786, 3758
synth_miRNA-13-EBV-MIR-BART17-5P, 17053, 6999, 783, 5289, 1551, 228
synth_miRNA-130-MIR-128, 30604, 5624, 10355, 51235, 3544, 2309
synth_miRNA-131-MIR-129, 4669, 107, 64, 3048, 812, 155
synth_miRNA-132-MIR-129-5P, 14879, 13375, 122664, 70181, 8277, 3437
synth_miRNA-133-MIR-130A, 34601, 2901, 113, 367, 247, 15
synth_miRNA-134-MIR-130B, 99476, 5817, 600, 7217, 1499, 325
synth_miRNA-135-MIR-132, 57468, 5499, 3548, 50763, 2483, 2516
synth_miRNA-136-MIR-133A, 6947, 22053, 733, 7236, 1619, 329
synth_miRNA-137-MIR-133B, 4406, 2228, 512, 4146, 1427, 204
synth_miRNA-138-MIR-134, 17654, 47785, 70491, 132726, 6918, 6511
synth_miRNA-139-MIR-135A, 21365, 643, 1182, 11222, 1384, 527
synth_miRNA-14-EBV-MIR-BART18, 4364, 151779, 11061, 14141, 1833, 651
synth_miRNA-140-MIR-135B, 8338, 401, 1676, 8933, 868, 448
synth_miRNA-141-MIR-136, 7928, 1558, 8772, 1199, 802, 60
synth_miRNA-142-MIR-136, 4630, 610, 2231, 300, 221, 0
synth_miRNA-143-MIR-137, 26434, 228, 244, 2082, 886, 92
synth_miRNA-144-MIR-138, 21116, 8165, 1322, 3178, 1238, 132
synth_miRNA-145-MIR-139-5P, 42195, 334, 1575, 17636, 2199, 779
synth_miRNA-146-MIR-140, 62934, 59440, 65811, 294586, 10142, 14244
synth_miRNA-147-MIR-140-5P, 4265, 706, 1017, 3886, 1272, 172
synth_miRNA-148-MIR-141, 4385, 3117, 809, 2906, 1077, 136
synth_miRNA-149-MIR-142, 1732, 1775, 2511, 1343, 539, 61
synth_miRNA-15-EBV-MIR-BART18-5P, 31122, 955, 165, 30675, 4079, 1488
synth_miRNA-150-MIR-142-5P, 4109, 12786, 3217, 1843, 905, 104
synth_miRNA-151-MIR-143, 24524, 115105, 56253, 92895, 6632, 4515
synth_miRNA-152-MIR-144, 2561, 10162, 4983, 2333, 1074, 111
synth_miRNA-153-MIR-145, 16850, 167, 177, 5471, 1033, 264
synth_miRNA-154-MIR-146A, 225950, 111057, 59503, 93127, 3925, 4512
synth_miRNA-155-MIR-146B-5P, 165417, 309966, 174829, 186394, 5209, 9033
synth_miRNA-156-MIR-147A, 100750, 4791, 26578, 15820, 2031, 738
synth_miRNA-157-MIR-147B, 38998, 30445, 12879, 3391, 1003, 181
synth_miRNA-158-MIR-148A, 11363, 71071, 262427, 61911, 5274, 3022
synth_miRNA-159-MIR-148B, 15396, 13580, 40111, 42584, 3898, 1989
synth_miRNA-16-EBV-MIR-BART19, 1254, 15034, 11903, 41399, 4837, 2109
synth_miRNA-160-MIR-149, 198329, 7436, 5396, 26076, 3738, 1222
synth_miRNA-161-MIR-150, 82414, 1598, 704, 12614, 2158, 600
synth_miRNA-162-MIR-151, 49920, 93209, 141937, 74659, 7001, 3585
synth_miRNA-163-MIR-151-5P, 11362, 13561, 2077, 34321, 3419, 1642
synth_miRNA-164-MIR-152, 14984, 2602, 44950, 63902, 5270, 3066
synth_miRNA-165-MIR-153, 8039, 69330, 5280, 5901, 1458, 282
synth_miRNA-166-MIR-154*, 37531, 650, 1419, 46441, 2138, 2341
synth_miRNA-167-MIR-154, 18084, 1500, 382, 1554, 758, 79
synth_miRNA-168-MIR-155, 4640, 20491, 8025, 42406, 3396, 2076
synth_miRNA-169-MIR-15A, 3335, 2592, 244, 2103, 869, 97
synth_miRNA-17-EBV-MIR-BART19-5P, 36058, 46927, 966, 26113, 1808, 1258
synth_miRNA-170-MIR-15B, 13303, 1424, 439, 19635, 1738, 926
synth_miRNA-171-MIR-16, 22903, 13478, 753, 15190, 1812, 746
synth_miRNA-172-MIR-17*, 61768, 2973, 749, 7355, 1417, 360
synth_miRNA-173-MIR-17, 11330, 1148, 2433, 4764, 1393, 236
synth_miRNA-174-MIR-181A*, 10327, 366165, 26797, 85056, 6044, 4086
synth_miRNA-175-MIR-181A, 8766, 655179, 48914, 62761, 6633, 2969
synth_miRNA-176-MIR-181B, 6969, 82702, 20931, 66352, 4483, 3081
synth_miRNA-177-MIR-181C, 13279, 776201, 14586, 20259, 3379, 1064
synth_miRNA-178-MIR-181D, 18562, 137477, 96010, 51456, 5568, 2525
synth_miRNA-179-MIR-182*, 14022, 1971, 6143, 96565, 3760, 4675
synth_miRNA-18-EBV-MIR-BART20, 58822, 7790, 2997, 8635, 1755, 0
synth_miRNA-180-MIR-182, 48115, 137372, 25946, 83003, 7492, 3895
synth_miRNA-181-MIR-183, 52726, 303117, 59686, 140311, 9147, 6848
synth_miRNA-182-MIR-184, 26017, 172740, 166942, 76784, 6626, 3839
synth_miRNA-183-MIR-185, 235556, 642, 3341, 17259, 2451, 829
synth_miRNA-184-MIR-186, 8264, 29065, 2732, 16147, 2001, 754
synth_miRNA-185-MIR-187, 63503, 10353, 4384, 6472, 2131, 329
synth_miRNA-186-MIR-188, 31546, 23897, 728, 1770, 907, 59
synth_miRNA-187-MIR-188-5P, 16209, 1237, 30314, 7738, 1406, 398
synth_miRNA-188-MIR-18A*, 104613, 1888, 1935, 22665, 2440, 1116
synth_miRNA-189-MIR-18A, 12098, 2681, 852, 5255, 1155, 263
synth_miRNA-19-EBV-MIR-BART20-5P-RLCV-MIR-RL1-16-5P_2, 67011, 1904, 999, 12054, 1793, 599
synth_miRNA-190-MIR-18B, 7959, 307, 558, 1499, 552, 63
synth_miRNA-191-MIR-190, 1857, 251, 102, 994, 434, 39
synth_miRNA-192-MIR-190B, 23700, 18988, 4907, 27415, 3391, 1306
synth_miRNA-193-MIR-191*, 28386, 11058, 1925, 63069, 3065, 3070
synth_miRNA-194-MIR-191, 151928, 252471, 5665, 41147, 5112, 2036
synth_miRNA-195-MIR-192, 63448, 269610, 15855, 39702, 4098, 1892
synth_miRNA-196-MIR-193A, 1665, 48, 0, 49, 21, 0
synth_miRNA-197-MIR-193B, 1321, 319, 68, 1254, 521, 66
synth_miRNA-198-MIR-194, 63345, 4394, 8238, 62751, 3539, 3041
synth_miRNA-199-MIR-195, 10448, 15121, 5942, 23610, 2534, 1164
synth_miRNA-2-EBV-MIR-BART11, 22405, 5684, 1426, 44067, 4038, 2164
synth_miRNA-20-EBV-MIR-BART2, 70721, 181, 88, 5316, 1216, 290
synth_miRNA-200-MIR-196A, 64988, 9381, 5346, 39781, 3621, 1977
synth_miRNA-201-MIR-196B, 48342, 34106, 17653, 83201, 5554, 4099
synth_miRNA-202-MIR-197, 8165, 1425, 1234, 7457, 1680, 354
synth_miRNA-203-MIR-198, 91739, 449, 157, 9339, 1099, 448
synth_miRNA-204-MIR-199A-199B, 9638, 3423, 2342, 19034, 2114, 939
synth_miRNA-205-MIR-199A-5P, 61627, 17013, 18959, 16952, 3063, 820
synth_miRNA-206-MIR-199B-5P, 35610, 56031, 29366, 23022, 4328, 1091
synth_miRNA-207-MIR-19A, 18790, 730, 90, 3551, 866, 153
synth_miRNA-208-MIR-19B, 30368, 499, 83, 4125, 962, 206
synth_miRNA-209-MIR-200A*, 63602, 30434, 215758, 145494, 6873, 7119
synth_miRNA-21-EBV-MIR-BART2-5P, 16703, 623, 2846, 23567, 1928, 1126
synth_miRNA-210-MIR-200A, 10683, 5391, 20954, 28455, 3402, 1326
synth_miRNA-211-MIR-200B, 20258, 1428, 1419, 30812, 2790, 1527
synth_miRNA-212-MIR-200C, 45371, 868, 6199, 60251, 5690, 2971
synth_miRNA-213-MIR-202*, 4196, 219, 689, 3134, 984, 147
synth_miRNA-214-MIR-202, 26066, 14559, 690, 3234, 1166, 157
synth_miRNA-215-MIR-203, 46418, 7067, 4004, 28723, 3379, 1391
synth_miRNA-216-MIR-204, 5075, 5888, 1264, 9637, 2063, 487
synth_miRNA-217-MIR-205, 49734, 19449, 6401, 25715, 2896, 1268
synth_miRNA-218-MIR-206, 89070, 1506, 32073, 40477, 4490, 2031
synth_miRNA-219-MIR-208A, 111, 116, 0, 38, 19, 0
synth_miRNA-22-EBV-MIR-BART3, 35370, 964, 701, 1496, 822, 63
synth_miRNA-220-MIR-208B, 960, 42229, 2239, 1777, 895, 89
synth_miRNA-221-MIR-20A, 3996, 1176, 4353, 4581, 1451, 220
synth_miRNA-222-MIR-20B, 13651, 1501, 3132, 7824, 1702, 412
synth_miRNA-223-MIR-21, 12826, 10000, 8392, 33100, 3771, 1485
synth_miRNA-224-MIR-210, 42174, 27819, 16099, 24773, 4211, 1210
synth_miRNA-225-MIR-211, 12116, 11884, 782, 14076, 2108, 714
synth_miRNA-226-MIR-212, 33352, 2835, 782, 14050, 2201, 694
synth_miRNA-227-MIR-214, 7166, 195, 343, 2780, 830, 136
synth_miRNA-228-MIR-215, 40610, 328048, 27923, 148391, 6155, 7259
synth_miRNA-229-MIR-216A, 6555, 4566, 1244, 3003, 1199, 163
synth_miRNA-23-EBV-MIR-BART3-5P, 3101, 15752, 1656, 15821, 2366, 792
synth_miRNA-230-MIR-216B, 3182, 583, 1144, 8940, 1673, 464
synth_miRNA-231-MIR-217, 166072, 4264, 51095, 53405, 4905, 2675
synth_miRNA-232-MIR-218, 805, 970, 2082, 21025, 1802, 1037
synth_miRNA-233-MIR-219, 474, 69, 96, 299, 179, 12
synth_miRNA-234-MIR-22*, 10581, 622, 3692, 16537, 2351, 743
synth_miRNA-235-MIR-22, 917, 62519, 4213, 5579, 1298, 271
synth_miRNA-236-MIR-220A, 2868, 516, 260, 8993, 1674, 460
synth_miRNA-237-MIR-220B, 3063, 76, 17, 480, 269, 23
synth_miRNA-238-MIR-220C, 1110, 17786, 6833, 16368, 2820, 815
synth_miRNA-239-MIR-221, 33037, 6819, 2371, 26086, 4118, 1267
synth_miRNA-24-EBV-MIR-BART4, 107829, 2614, 24139, 20030, 2178, 931
synth_miRNA-240-MIR-222, 2470, 367, 713, 4614, 1039, 173
synth_miRNA-241-MIR-223, 77751, 1567, 682, 15144, 2419, 735
synth_miRNA-242-MIR-224, 185342, 16863, 11923, 156571, 6732, 7597
synth_miRNA-243-MIR-23A, 43321, 6929, 1892, 29527, 2659, 1438
synth_miRNA-244-MIR-23B, 21734, 7105, 1766, 24137, 2144, 1076
synth_miRNA-245-MIR-24, 102821, 679, 2350, 38475, 3025, 1835
synth_miRNA-246-MIR-24-1*, 43976, 1793, 13358, 4421, 1246, 210
synth_miRNA-247-MIR-25, 232871, 22850, 4656, 89339, 7201, 4282
synth_miRNA-248-MIR-26A, 1433, 7910, 13663, 53724, 3721, 2562
synth_miRNA-249-MIR-26B, 1700, 860, 960, 9738, 1784, 442
synth_miRNA-25-EBV-MIR-BART5, 64890, 555, 610, 1713, 880, 89
synth_miRNA-250-MIR-27A, 9586, 4375, 3862, 4354, 1361, 204
synth_miRNA-251-MIR-27B, 13792, 140632, 80149, 68087, 4595, 3274
synth_miRNA-252-MIR-28, 96754, 65863, 14805, 34812, 4321, 1702
synth_miRNA-253-MIR-28-5P, 10832, 2551, 1599, 8486, 1940, 413
synth_miRNA-254-MIR-296, 33429, 11069, 6757, 5592, 1861, 241
synth_miRNA-255-MIR-296-5P, 49710, 940, 694, 4612, 1208, 242
synth_miRNA-256-MIR-297A, 6296, 496, 2528, 1249, 593, 64
synth_miRNA-257-MIR-298, 79413, 76, 46, 2184, 774, 100
synth_miRNA-258-MIR-299, 5142, 9971, 2537, 2663, 993, 108
synth_miRNA-259-MIR-299-5P, 1685, 378, 499, 3237, 1155, 152
synth_miRNA-26-EBV-MIR-BART6, 35397, 39289, 15005, 52510, 4808, 2602
synth_miRNA-260-MIR-29A, 14653, 3765, 2642, 18560, 1969, 846
synth_miRNA-261-MIR-29B, 11054, 422, 694, 633, 410, 31
synth_miRNA-262-MIR-29C*, 14698, 1039, 1833, 6697, 1239, 321
synth_miRNA-263-MIR-29C, 8329, 843, 134, 391, 264, 16
synth_miRNA-264-MIR-300, 144399, 271736, 20684, 90578, 6035, 4303
synth_miRNA-265-MIR-301A, 26106, 65750, 375, 1624, 725, 82
synth_miRNA-266-MIR-301B, 26718, 70405, 2079, 1329, 687, 64
synth_miRNA-267-MIR-302A*, 10504, 2057, 4542, 66805, 5271, 3271
synth_miRNA-268-MIR-302A, 5036, 131, 533, 2478, 875, 107
synth_miRNA-269-MIR-302B*, 3477, 688, 119, 2882, 768, 140
synth_miRNA-27-EBV-MIR-BART6-5P, 14909, 19490, 5733, 33926, 2036, 1723
synth_miRNA-270-MIR-302B, 3650, 142, 724, 6013, 1272, 309
synth_miRNA-271-MIR-302C*, 4528, 3607, 2478, 52486, 2500, 2579
synth_miRNA-272-MIR-302C, 12867, 401, 6222, 5760, 2278, 268
synth_miRNA-273-MIR-302C, 8071, 0, 3553, 1251, 475, 69
synth_miRNA-274-MIR-302D, 1367, 411, 616, 5338, 1184, 267
synth_miRNA-275-MIR-30A*, 15935, 30869, 25988, 68813, 6042, 3357
synth_miRNA-276-MIR-30A, 739, 16347, 43141, 23219, 2970, 1066
synth_miRNA-277-MIR-30B, 872, 404, 435, 2872, 946, 129
synth_miRNA-278-MIR-30C, 17710, 2452, 6733, 37310, 2944, 1718
synth_miRNA-279-MIR-30D, 2267, 16999, 10994, 45042, 4555, 2082
synth_miRNA-28-EBV-MIR-BART7, 146164, 1948, 3535, 22007, 2708, 1061
synth_miRNA-280-MIR-30E*, 6304, 21143, 16736, 44362, 4630, 2202
synth_miRNA-281-MIR-30E, 832, 5241, 10662, 5637, 1475, 252
synth_miRNA-282-MIR-31, 16767, 24275, 1604, 8581, 1847, 428
synth_miRNA-283-MIR-31, 9998, 2910, 627, 2269, 525, 0
synth_miRNA-284-MIR-32, 4917, 432, 17442, 1651, 832, 75
synth_miRNA-285-MIR-320, 1829, 3679, 406, 7952, 1742, 386
synth_miRNA-286-MIR-322-MIR-424, 11862, 165, 31, 1248, 601, 50
synth_miRNA-287-MIR-323, 111306, 7696, 13962, 59366, 4711, 2947
synth_miRNA-288-MIR-323-5P, 18586, 4449, 1570, 11396, 2027, 534
synth_miRNA-289-MIR-324, 1125, 252, 249, 1940, 847, 81
synth_miRNA-29-EBV-MIR-BART8, 67192, 18802, 35066, 171175, 2844, 8308
synth_miRNA-290-MIR-324-5P, 6801, 58, 70, 1691, 652, 87
synth_miRNA-291-MIR-325, 23414, 6116, 166, 6681, 1794, 349
synth_miRNA-292-MIR-325-5P, 3642, 237, 112, 5100, 1313, 234
synth_miRNA-293-MIR-326, 84300, 1915, 2331, 7423, 1702, 356
synth_miRNA-294-MIR-328, 21820, 443, 596, 4551, 1133, 218
synth_miRNA-295-MIR-329, 39597, 236, 769, 30775, 2421, 1484
synth_miRNA-296-MIR-330, 161276, 7436, 10278, 96629, 8730, 4901
synth_miRNA-297-MIR-330-5P, 22106, 32438, 68673, 25329, 2729, 1193
synth_miRNA-298-MIR-331, 89851, 282, 39, 5677, 1398, 255
synth_miRNA-299-MIR-331-5P, 200412, 8537, 2285, 45366, 3411, 2247
synth_miRNA-3-EBV-MIR-BART11-5P, 87147, 997, 1012, 4563, 1391, 225
synth_miRNA-30-EBV-MIR-BART8-5P, 21408, 27716, 2040, 31099, 2908, 1468
synth_miRNA-300-MIR-335, 99772, 1806, 774, 8195, 1324, 376
synth_miRNA-301-MIR-337, 36872, 611, 541, 5160, 1350, 261
synth_miRNA-302-MIR-337, 2229, 6801, 557, 2873, 1068, 142
synth_miRNA-303-MIR-337-5P, 3804, 122, 54, 510, 311, 13
synth_miRNA-304-MIR-338, 22645, 10424, 234, 1988, 806, 103
synth_miRNA-305-MIR-338, 16444, 1873, 139, 831, 394, 40
synth_miRNA-306-MIR-339, 184738, 9163, 11185, 41250, 3577, 1942
synth_miRNA-307-MIR-339-5P, 43906, 1485, 2507, 43649, 5500, 2170
synth_miRNA-308-MIR-33A, 5286, 3732, 4196, 1406, 624, 48
synth_miRNA-309-MIR-33B, 1316, 1140, 252, 613, 354, 27
synth_miRNA-31-EBV-MIR-BART9, 12881, 1106, 1754, 115716, 4454, 5552
synth_miRNA-310-MIR-340, 104417, 12397, 4367, 212703, 10233, 10389
synth_miRNA-311-MIR-340-5P, 829, 2232, 615, 11473, 2082, 566
synth_miRNA-312-MIR-342, 262856, 4730, 369, 14564, 1856, 653
synth_miRNA-313-MIR-345-5P, 13195, 65843, 19044, 24280, 2639, 1113
synth_miRNA-314-MIR-346, 67534, 3546, 1995, 18342, 2608, 913
synth_miRNA-315-MIR-34A, 267932, 12350, 5085, 14469, 1689, 679
synth_miRNA-316-MIR-34B, 9892, 8768, 1121, 1943, 759, 97
synth_miRNA-317-MIR-34C-5P, 19605, 148387, 152530, 24586, 3469, 1154
synth_miRNA-318-MIR-361-5P, 11537, 8348, 664, 40890, 3526, 1990
synth_miRNA-319-MIR-362, 23417, 841, 83, 11341, 1385, 569
synth_miRNA-32-EBV-MIR-BHRF1-1, 9507, 50810, 14289, 25827, 3249, 1246
synth_miRNA-320-MIR-362-5P, 8382, 4549, 4325, 68982, 4252, 3426
synth_miRNA-321-MIR-363*, 114222, 1285, 1533, 25611, 2472, 1314
synth_miRNA-322-MIR-363, 23853, 12164, 44078, 36166, 3942, 1800
synth_miRNA-323-MIR-365, 12443, 385, 36, 1183, 532, 62
synth_miRNA-324-MIR-367, 7531, 297, 278, 1508, 528, 57
synth_miRNA-325-MIR-369, 23833, 534, 514, 25952, 1828, 1248
synth_miRNA-326-MIR-369-5P, 26277, 2089, 1639, 15839, 2206, 767
synth_miRNA-327-MIR-370, 17949, 42303, 546939, 81635, 4892, 4012
synth_miRNA-328-MIR-371, 15971, 2059, 2607, 5345, 1173, 254
synth_miRNA-329-MIR-371-5P, 9669, 154667, 14695, 52136, 4902, 2461
synth_miRNA-33-EBV-MIR-BHRF1-2*, 1619, 942, 450, 3005, 965, 126
synth_miRNA-330-MIR-372, 29507, 21508, 168303, 22966, 2684, 1169
synth_miRNA-331-MIR-373*, 10067, 474, 79, 1963, 669, 91
synth_miRNA-332-MIR-373, 15020, 25321, 1692, 5415, 1450, 235
synth_miRNA-333-MIR-374A, 16926, 1346, 1982, 24025, 1983, 1161
synth_miRNA-334-MIR-374B, 91720, 545, 1028, 20915, 2564, 1060
synth_miRNA-335-MIR-375, 11079, 107413, 12255, 83745, 6818, 4151
synth_miRNA-336-MIR-376A*, 7980, 4716, 1584, 15466, 1244, 729
synth_miRNA-337-MIR-376A, 24751, 476, 301, 14169, 1600, 703
synth_miRNA-338-MIR-376B, 11016, 649, 255, 2827, 522, 119
synth_miRNA-339-MIR-376C, 30817, 422, 206, 5552, 932, 256
synth_miRNA-34-EBV-MIR-BHRF1-2, 49025, 568, 1260, 14592, 2189, 654
synth_miRNA-340-MIR-377, 29307, 768, 760, 1497, 668, 83
synth_miRNA-341-MIR-378*, 17015, 4625, 7085, 24463, 2584, 1161
synth_miRNA-342-MIR-378, 3867, 133164, 114364, 73538, 5987, 3482
synth_miRNA-343-MIR-379, 81060, 6857, 245472, 146372, 7669, 7133
synth_miRNA-344-MIR-380, 59931, 690, 473, 11321, 1534, 550
synth_miRNA-345-MIR-380-5P, 100333, 5481, 63799, 118407, 7504, 5804
synth_miRNA-346-MIR-381, 95745, 154482, 1037914, 25649, 2942, 1192
synth_miRNA-347-MIR-382, 108123, 4899, 2643, 33053, 4042, 1609
synth_miRNA-348-MIR-383, 61899, 49808, 15761, 52813, 4107, 2507
synth_miRNA-349-MIR-384, 52464, 1526, 173, 7259, 1414, 348
synth_miRNA-35-EBV-MIR-BHRF1-3, 56294, 5782, 1428, 22242, 2346, 1059
synth_miRNA-350-MIR-384-5P, 4134, 607, 49, 10035, 1458, 490
synth_miRNA-351-MIR-409, 19066, 169903, 14977, 83425, 6048, 4111
synth_miRNA-352-MIR-409-5P, 12329, 265839, 2137, 39804, 3598, 1978
synth_miRNA-353-MIR-410, 18001, 147228, 19376, 32377, 3361, 1522
synth_miRNA-354-MIR-411*, 38649, 11148, 2445, 66279, 3706, 3254
synth_miRNA-355-MIR-411*, 32204, 6776, 16184, 28211, 3199, 1319
synth_miRNA-356-MIR-411, 33127, 384529, 113199, 87512, 4533, 4274
synth_miRNA-357-MIR-412, 11084, 5672, 1459, 27197, 1993, 1304
synth_miRNA-358-MIR-421, 56566, 11353, 344, 26467, 4044, 1205
synth_miRNA-359-MIR-421-5P, 61118, 851, 105, 912, 473, 49
synth_miRNA-36-HCMV-MIR-UL112, 3873, 90741, 26582, 22866, 3069, 1156
synth_miRNA-360-MIR-422A, 14839, 115074, 58867, 42118, 4832, 1918
synth_miRNA-361-MIR-423, 5166, 58765, 60675, 106956, 7531, 5290
synth_miRNA-362-MIR-423-5P, 161511, 3157, 1032, 2752, 1144, 110
synth_miRNA-363-MIR-425*, 5855, 18893, 17729, 22454, 2696, 1117
synth_miRNA-364-MIR-425, 22385, 2018, 1476, 28990, 1964, 1352
synth_miRNA-365-MIR-429, 38166, 8320, 13087, 20345, 2867, 940
synth_miRNA-366-MIR-431, 24562, 13485, 16839, 96389, 3388, 4740
synth_miRNA-367-MIR-432*, 171453, 22362, 9837, 9623, 1873, 442
synth_miRNA-368-MIR-432, 34672, 18751, 12700, 35771, 4125, 1808
synth_miRNA-369-MIR-433, 2506, 9998, 6631, 67611, 4518, 3280
synth_miRNA-37-HCMV-MIR-UL148D, 134858, 1803, 1053, 13009, 2237, 622
synth_miRNA-370-MIR-448, 236088, 23487, 11165, 117805, 6300, 5683
synth_miRNA-371-MIR-449A, 51433, 86697, 18855, 20421, 2431, 958
synth_miRNA-372-MIR-449B, 22731, 90697, 31426, 10416, 1956, 493
synth_miRNA-373-MIR-450A, 12955, 4280, 2568, 11660, 1817, 574
synth_miRNA-374-MIR-450B-5P, 31964, 26956, 8330, 67978, 4523, 3283
synth_miRNA-375-MIR-451, 4117, 2025, 1547, 7075, 1714, 386
synth_miRNA-376-MIR-452*, 37820, 2385, 1961, 1995, 843, 81
synth_miRNA-377-MIR-452*, 16022, 4246, 2785, 29371, 3490, 1464
synth_miRNA-378-MIR-452, 64262, 5511, 13381, 34017, 3651, 1649
synth_miRNA-379-MIR-453, 163973, 369, 554, 26297, 2613, 1271
synth_miRNA-38-HCMV-MIR-UL22A*, 48680, 12322, 5716, 33526, 2378, 1639
synth_miRNA-380-MIR-454*, 87976, 44761, 6359, 62195, 4747, 3048
synth_miRNA-381-MIR-454_1, 8230, 19146, 6376, 32820, 1700, 1591
synth_miRNA-382-MIR-455, 76167, 197, 146, 34243, 3304, 1718
synth_miRNA-383-MIR-455-5P, 12477, 43475, 15365, 13618, 2360, 665
synth_miRNA-384-MIR-483, 1404, 286, 299, 2189, 860, 109
synth_miRNA-385-MIR-483-5P, 4361, 358, 619, 2592, 998, 114
synth_miRNA-386-MIR-484, 48808, 4401, 1018, 13460, 1687, 631
synth_miRNA-387-MIR-485, 38239, 2240, 2984, 66705, 5364, 3214
synth_miRNA-388-MIR-485, 12531, 268, 1369, 6314, 953, 293
synth_miRNA-389-MIR-485-5P, 51415, 30334, 3598, 13666, 2444, 637
synth_miRNA-39-HCMV-MIR-UL22A, 42431, 3404, 1455, 21950, 1980, 1083
synth_miRNA-390-MIR-486-5P, 59955, 569178, 6982, 42046, 4978, 2021
synth_miRNA-391-MIR-487A, 266775, 3884, 2514, 19599, 2242, 969
synth_miRNA-392-MIR-487B, 63962, 5496, 4488, 105612, 6107, 5162
synth_miRNA-393-MIR-488*, 53933, 3710, 7622, 31628, 4029, 1542
synth_miRNA-394-MIR-488, 1696, 5702, 449, 1521, 669, 67
synth_miRNA-395-MIR-489, 51730, 9332, 1150, 26738, 2830, 1288
synth_miRNA-396-MIR-490, 164742, 81276, 145484, 35255, 3538, 1657
synth_miRNA-397-MIR-490-5P, 2972, 10039, 10513, 23314, 2308, 1157
synth_miRNA-398-MIR-491, 100181, 933, 341, 10318, 1403, 511
synth_miRNA-399-MIR-491-5P, 49173, 917, 1737, 11908, 1539, 599
synth_miRNA-4-EBV-MIR-BART12, 51676, 2131, 13147, 28476, 2674, 1392
synth_miRNA-40-HCMV-MIR-UL36, 492234, 15371, 11523, 99234, 6919, 4824
synth_miRNA-400-MIR-492, 70154, 24016, 16394, 36794, 2694, 1800
synth_miRNA-401-MIR-493*, 6599, 26534, 21741, 90633, 6323, 4453
synth_miRNA-402-MIR-493, 56931, 35562, 73823, 121695, 8288, 5936
synth_miRNA-403-MIR-494, 17157, 263, 152, 9591, 1483, 479
synth_miRNA-404-MIR-495, 5447, 126, 540, 2659, 1002, 132
synth_miRNA-405-MIR-496_1, 18954, 1325, 789, 3050, 914, 178
synth_miRNA-406-MIR-496_3, 17302, 2047, 821, 4265, 1267, 210
synth_miRNA-407-MIR-497, 26207, 9069, 2339, 15982, 3186, 776
synth_miRNA-408-MIR-497, 22663, 1014, 897, 2083, 465, 66
synth_miRNA-409-MIR-498, 10107, 138, 393, 14914, 1240, 690
synth_miRNA-41-HCMV-MIR-UL70, 71207, 8113, 2617, 3162, 1177, 146
synth_miRNA-410-MIR-499-5P, 1296, 2985, 6666, 16950, 2230, 777
synth_miRNA-411-MIR-500, 22167, 135693, 14423, 94613, 5475, 4595
synth_miRNA-412-MIR-500-5P, 3666, 2104, 845, 13142, 1540, 636
synth_miRNA-413-MIR-501, 3383, 1069609, 6591, 46566, 4987, 2326
synth_miRNA-414-MIR-501-5P, 18404, 807, 403, 15768, 1985, 754
synth_miRNA-415-MIR-502, 19733, 21688, 6686, 53644, 4993, 2647
synth_miRNA-416-MIR-502-5P, 3532, 3635, 209, 12337, 1195, 579
synth_miRNA-417-MIR-503, 15265, 140, 2283, 25634, 2037, 1218
synth_miRNA-418-MIR-504, 19872, 36631, 130901, 150493, 6074, 7252
synth_miRNA-419-MIR-505, 77670, 9583, 865, 114995, 4367, 5567
synth_miRNA-42-HCMV-MIR-UL70-5P, 14451, 25655, 7538, 23466, 2678, 1130
synth_miRNA-420-MIR-506, 8125, 99318, 20042, 79179, 4794, 3923
synth_miRNA-421-MIR-507, 866, 1020, 259, 1192, 709, 53
synth_miRNA-422-MIR-508, 38972, 31444, 19617, 64086, 4935, 2916
synth_miRNA-423-MIR-508-5P, 101890, 13598, 13554, 95225, 5802, 4750
synth_miRNA-424-MIR-509-3-5P, 9684, 10660, 20449, 70563, 4776, 3488
synth_miRNA-425-MIR-509, 18770, 47346, 7227, 52502, 4521, 2530
synth_miRNA-426-MIR-509-5P, 38163, 822, 520, 19090, 2675, 860
synth_miRNA-427-MIR-510, 11212, 285, 34, 4689, 1238, 239
synth_miRNA-428-MIR-511, 47125, 5999, 18269, 70123, 3569, 3363
synth_miRNA-429-MIR-512, 47683, 52275, 21271, 33048, 3222, 1579
synth_miRNA-43-HCMV-MIR-US25-1, 55980, 356089, 32393, 168391, 7902, 8190
synth_miRNA-430-MIR-512-5P, 52134, 626, 246, 4956, 1404, 234
synth_miRNA-431-MIR-513A, 2098, 1073, 614, 3377, 1300, 164
synth_miRNA-432-MIR-513A-5P, 22764, 443, 1446, 20725, 1622, 958
synth_miRNA-433-MIR-514, 34962, 15845, 404648, 76553, 4538, 3655
synth_miRNA-434-MIR-515, 6792, 651, 607, 895, 441, 42
synth_miRNA-435-MIR-515-5P, 8588, 822, 80, 1808, 704, 74
synth_miRNA-436-MIR-516A-5P, 21159, 3792, 419, 6607, 1638, 309
synth_miRNA-437-MIR-516B*, 2984, 7969, 773, 2378, 892, 110
synth_miRNA-438-MIR-516B, 12068, 2121, 3306, 24077, 3316, 1195
synth_miRNA-439-MIR-517*, 5154, 5819, 5168, 12128, 1879, 603
synth_miRNA-44-HCMV-MIR-US25-2, 62578, 64990, 39890, 77080, 6396, 3749
synth_miRNA-440-MIR-517A-MIR-517B_2, 22412, 1056, 4138, 11061, 1793, 514
synth_miRNA-441-MIR-517C, 55482, 1898, 5253, 5080, 1288, 245
synth_miRNA-442-MIR-518A, 9047, 669, 1173, 2087, 722, 88
synth_miRNA-443-MIR-518A-5P-527_1, 16874, 3229, 564, 1903, 836, 91
synth_miRNA-444-MIR-518B, 53986, 1451, 1157, 9010, 1624, 437
synth_miRNA-445-MIR-518C*, 5168, 1092, 1944, 11986, 1916, 560
synth_miRNA-446-MIR-518C, 12765, 388, 896, 551, 236, 24
synth_miRNA-447-MIR-518D, 3016, 6115, 894, 451, 314, 18
synth_miRNA-448-MIR-518D-5P-520C-5P-526A, 4564, 919, 460, 4520, 1297, 210
synth_miRNA-449-MIR-518E*-519A*-1-519B-5P-519C-5P-522*-523*, 1652, 560, 296, 4841, 1278, 219
synth_miRNA-45-HCMV-MIR-US25-2-5P, 13886, 31028, 16773, 32751, 3870, 1700
synth_miRNA-450-MIR-518E, 1802, 3764, 930, 813, 470, 35
synth_miRNA-451-MIR-518F, 8171, 213, 163, 2022, 598, 82
synth_miRNA-452-MIR-519A, 29313, 615, 810, 578, 297, 20
synth_miRNA-453-MIR-519B, 18986, 283, 409, 950, 430, 51
synth_miRNA-454-MIR-519C, 11075, 1799, 27, 372, 150, 19
synth_miRNA-455-MIR-519D, 14084, 1382, 2029, 967, 594, 39
synth_miRNA-456-MIR-519E*, 2293, 79, 138, 494, 274, 18
synth_miRNA-457-MIR-519E, 12702, 381, 279, 218, 157, 5
synth_miRNA-458-MIR-520A, 3897, 9230, 39701, 12451, 2200, 622
synth_miRNA-459-MIR-520A-5P, 5512, 1337, 292, 4267, 1374, 192
synth_miRNA-46-HCMV-MIR-US33, 46132, 2369, 871, 30735, 3206, 1433
synth_miRNA-460-MIR-520C-520F-520B_3, 2578, 204, 205, 1542, 659, 97
synth_miRNA-461-MIR-520D, 18554, 1094, 1026, 11234, 1214, 546
synth_miRNA-462-MIR-520D-5P, 7634, 314, 349, 1501, 726, 86
synth_miRNA-463-MIR-520E, 4515, 122, 137, 1191, 586, 59
synth_miRNA-464-MIR-520G, 1784, 397, 861, 1274, 710, 57
synth_miRNA-465-MIR-520H, 1000, 48, 333, 347, 232, 20
synth_miRNA-466-MIR-521, 34088, 160, 1480, 566, 281, 30
synth_miRNA-467-MIR-522, 11914, 460, 2038, 11964, 1924, 535
synth_miRNA-468-MIR-523, 57127, 797, 2428, 9858, 1233, 468
synth_miRNA-469-MIR-524, 1199, 165, 205, 371, 209, 14
synth_miRNA-47-HCMV-MIR-US33-5P, 3620, 4449, 19571, 8791, 1309, 422
synth_miRNA-470-MIR-524-5P, 5197, 450, 406, 1292, 633, 56
synth_miRNA-471-MIR-525, 11449, 297, 147, 292, 178, 13
synth_miRNA-472-MIR-525-5P, 6241, 1147, 387, 4861, 1489, 221
synth_miRNA-473-MIR-526B*, 2722, 296, 242, 444, 235, 18
synth_miRNA-474-MIR-526B, 10826, 296, 2294, 10381, 1827, 502
synth_miRNA-475-MIR-532, 34186, 1070, 1128, 3458, 1476, 139
synth_miRNA-476-MIR-532-5P, 57873, 44080, 30806, 71881, 6066, 3499
synth_miRNA-477-MIR-539, 59989, 749, 522, 7954, 1342, 397
synth_miRNA-478-MIR-541*, 94319, 79438, 22527, 39398, 4383, 1948
synth_miRNA-479-MIR-542, 71769, 24444, 9156, 31370, 2828, 1530
synth_miRNA-48-HCMV-MIR-US4, 14585, 2541, 3611, 7372, 2151, 324
synth_miRNA-480-MIR-542-5P, 108143, 7196, 763, 4307, 1337, 224
synth_miRNA-481-MIR-542-5P, 216979, 3902, 469, 4222, 990, 205
synth_miRNA-482-MIR-543, 4179, 3979, 2797, 12737, 2368, 627
synth_miRNA-483-MIR-544, 6835, 733, 273, 447, 251, 31
synth_miRNA-484-MIR-545, 7888, 710, 699, 509, 331, 30
synth_miRNA-485-MIR-548A, 5132, 2157, 3832, 2892, 1125, 119
synth_miRNA-486-MIR-548B, 84555, 3388, 1826, 3640, 1190, 157
synth_miRNA-487-MIR-548C, 39201, 926, 1492, 763, 423, 36
synth_miRNA-488-MIR-548C-5P, 1422, 708, 866, 5651, 938, 308
synth_miRNA-489-MIR-548D, 46650, 386, 230, 940, 470, 0
synth_miRNA-49-HCMV-MIR-US5-1, 8438, 3196, 19357, 27702, 2715, 1333
synth_miRNA-490-MIR-549, 45850, 55676, 23766, 116878, 7131, 5675
synth_miRNA-491-MIR-550*, 7817, 2205, 318, 5336, 1336, 248
synth_miRNA-492-MIR-550, 1463, 15821, 270, 9905, 1837, 461
synth_miRNA-493-MIR-551A, 28516, 490, 1786, 2694, 1005, 129
synth_miRNA-494-MIR-551B, 6541, 597, 20, 601, 312, 37
synth_miRNA-495-MIR-552, 42506, 5937, 21063, 55576, 5275, 2672
synth_miRNA-496-MIR-553, 4267, 654, 780, 5462, 843, 268
synth_miRNA-497-MIR-554, 16963, 6648, 5796, 13836, 2706, 696
synth_miRNA-498-MIR-555, 15510, 23043, 19437, 32468, 3564, 1505
synth_miRNA-499-MIR-556-5P, 5971, 628, 1328, 2576, 685, 127
synth_miRNA-5-EBV-MIR-BART13, 1694, 950, 8057, 73918, 3928, 3578
synth_miRNA-50-HCMV-MIR-US5-2, 12510, 5446, 1623, 24240, 2779, 1184
synth_miRNA-500-MIR-557, 33812, 2210, 1606, 50518, 4462, 2500
synth_miRNA-501-MIR-558, 30181, 5701, 1473, 37999, 3173, 1807
synth_miRNA-502-MIR-559, 258604, 385, 109, 2725, 981, 135
synth_miRNA-503-MIR-560, 2612, 1620, 547, 947, 515, 57
synth_miRNA-504-MIR-561, 30693, 5901, 1380, 3691, 865, 155
synth_miRNA-505-MIR-562, 12578, 23740, 23254, 53476, 6174, 2591
synth_miRNA-506-MIR-563, 11449, 5589, 232, 1409, 784, 69
synth_miRNA-507-MIR-564, 97604, 15981, 15413, 31267, 2503, 1513
synth_miRNA-508-MIR-565, 45441, 6078, 12086, 13156, 1769, 632
synth_miRNA-509-MIR-566, 20433, 7660, 7985, 11971, 1936, 556
synth_miRNA-51-HIV1-MIR-H1, 26181, 16205, 108653, 7045, 1238, 353
synth_miRNA-510-MIR-567, 739, 32291, 3624, 8437, 2248, 355
synth_miRNA-511-MIR-568, 887, 87, 67, 265, 200, 12
synth_miRNA-512-MIR-569, 84831, 75396, 20001, 78573, 3654, 3866
synth_miRNA-513-MIR-570, 17710, 1864, 599, 1173, 692, 61
synth_miRNA-514-MIR-571, 41167, 24096, 2163, 41578, 4974, 1979
synth_miRNA-515-MIR-572, 27446, 12481, 14467, 59307, 5502, 2943
synth_miRNA-516-MIR-573, 34098, 13272, 27091, 21195, 4053, 1044
synth_miRNA-517-MIR-574, 91508, 1124, 975, 7204, 1887, 314
synth_miRNA-518-MIR-574-5P, 31853, 614, 1970, 2955, 1049, 142
synth_miRNA-519-MIR-575, 19329, 434178, 120250, 229634, 8667, 11244
synth_miRNA-52-HIV1-MIR-N367, 81414, 5092, 3920, 49702, 3742, 2403
synth_miRNA-520-MIR-576, 14799, 10087, 7258, 25764, 3112, 1304
synth_miRNA-521-MIR-576-5P, 138524, 2111, 195, 6907, 1374, 353
synth_miRNA-522-MIR-577, 121556, 123984, 2756, 9140, 1893, 414
synth_miRNA-523-MIR-578, 43225, 34060, 106412, 49742, 5138, 2314
synth_miRNA-524-MIR-579, 3724, 759, 656, 4720, 1374, 254
synth_miRNA-525-MIR-580, 27384, 84056, 83029, 31281, 3300, 1529
synth_miRNA-526-MIR-581, 26289, 56709, 174971, 112172, 5066, 5442
synth_miRNA-527-MIR-582, 5038, 122877, 375206, 17988, 2918, 849
synth_miRNA-528-MIR-582-5P, 4770, 17260, 30962, 18638, 3980, 891
synth_miRNA-529-MIR-583, 56849, 522, 371, 12009, 1189, 623
synth_miRNA-53-HSV1-MIR-H1, 39568, 610, 2359, 14017, 2258, 699
synth_miRNA-530-MIR-584, 4592, 29511, 10004, 53201, 6118, 2526
synth_miRNA-531-MIR-585, 6819, 90729, 31501, 5965, 1483, 281
synth_miRNA-532-MIR-586, 142590, 29684, 3913, 41510, 3879, 2024
synth_miRNA-533-MIR-587, 67599, 11636, 703, 10525, 1644, 524
synth_miRNA-534-MIR-588, 13162, 175897, 11891, 41726, 4418, 1985
synth_miRNA-535-MIR-589*, 156836, 53340, 3340, 32946, 2903, 1668
synth_miRNA-536-MIR-590, 6596, 2422, 1681, 8514, 1461, 408
synth_miRNA-537-MIR-590-5P, 32674, 81, 27, 263, 163, 11
synth_miRNA-538-MIR-591, 90843, 1044, 22983, 12653, 1980, 590
synth_miRNA-539-MIR-592, 13717, 23232, 7647, 38678, 2089, 1921
synth_miRNA-54-HSV-MIR-LAT, 2723, 3612, 2259, 3841, 1068, 182
synth_miRNA-540-MIR-593*, 90453, 1798, 5910, 21429, 2730, 1035
synth_miRNA-541-MIR-594, 143727, 10295, 5999, 30946, 3791, 1564
synth_miRNA-542-MIR-595, 8946, 1494, 723, 16757, 1692, 794
synth_miRNA-543-MIR-596, 7433, 18330, 2097, 4743, 1177, 226
synth_miRNA-544-MIR-597, 23789, 4672, 5053, 5228, 1582, 228
synth_miRNA-545-MIR-598, 114209, 35384, 6668, 57490, 4629, 2822
synth_miRNA-546-MIR-599, 75516, 7022, 430, 2294, 957, 110
synth_miRNA-547-MIR-600, 8875, 55125, 31451, 32701, 4082, 1559
synth_miRNA-548-MIR-601, 277221, 79304, 10041, 125237, 5409, 6157
synth_miRNA-549-MIR-602, 20563, 41379, 4676, 33098, 1685, 1546
synth_miRNA-55-KSHV-MIR-K12-1, 26778, 3769, 3154, 25365, 2904, 1232
synth_miRNA-550-MIR-603, 43438, 2518, 16799, 12591, 2499, 588
synth_miRNA-551-MIR-604, 20548, 1151533, 22043, 47298, 3393, 2281
synth_miRNA-552-MIR-605, 22380, 4141, 672, 11055, 2054, 548
synth_miRNA-553-MIR-606, 24379, 5367, 1255, 24609, 1405, 1242
synth_miRNA-554-MIR-607, 38585, 34808, 6294, 13533, 1331, 650
synth_miRNA-555-MIR-608, 69749, 2741, 2602, 4661, 1473, 212
synth_miRNA-556-MIR-609, 12926, 2698, 429, 454, 307, 14
synth_miRNA-557-MIR-610, 153956, 5134, 10435, 55884, 3453, 2729
synth_miRNA-558-MIR-611, 9368, 3832, 1710, 1283, 609, 62
synth_miRNA-559-MIR-612, 105956, 9398, 23348, 54523, 5438, 2719
synth_miRNA-56-KSHV-MIR-K12-10A, 9821, 4454, 8922, 26458, 3318, 1264
synth_miRNA-560-MIR-613, 49044, 9209, 15077, 18668, 2470, 865
synth_miRNA-561-MIR-614, 8468, 97, 290, 1418, 475, 86
synth_miRNA-562-MIR-615, 18345, 3733, 5289, 30387, 2981, 1487
synth_miRNA-563-MIR-615-5P, 76608, 64934, 24551, 12562, 1717, 570
synth_miRNA-564-MIR-616*, 19699, 7515, 234, 15998, 1885, 812
synth_miRNA-565-MIR-617, 5180, 950, 11478, 8075, 1422, 405
synth_miRNA-566-MIR-618, 1529, 6744, 29268, 13145, 2422, 642
synth_miRNA-567-MIR-619, 5923, 2968, 300, 332, 181, 19
synth_miRNA-568-MIR-620, 52640, 145569, 12867, 22908, 2653, 1100
synth_miRNA-569-MIR-621, 15637, 258, 147, 434, 267, 22
synth_miRNA-57-KSHV-MIR-K12-10B, 15584, 3918, 12512, 18578, 2464, 902
synth_miRNA-570-MIR-622, 30153, 100916, 87768, 150737, 6212, 7281
synth_miRNA-571-MIR-623, 27395, 46260, 13036, 78597, 4798, 3844
synth_miRNA-572-MIR-624*, 4083, 513, 460, 8168, 1630, 385
synth_miRNA-573-MIR-624, 7534, 4842, 1169, 2625, 1078, 134
synth_miRNA-574-MIR-625, 26094, 497, 250, 396, 244, 20
synth_miRNA-575-MIR-626, 16735, 9157, 5358, 14105, 1998, 682
synth_miRNA-576-MIR-627, 15576, 12190, 369, 2602, 1002, 143
synth_miRNA-577-MIR-628, 137316, 9771, 1205, 35093, 2619, 1746
synth_miRNA-578-MIR-629*, 5045, 6721, 2615, 12582, 2082, 606
synth_miRNA-579-MIR-629, 1583, 103517, 16639, 26391, 3083, 1248
synth_miRNA-58-KSHV-MIR-K12-11, 8159, 2803, 300, 30694, 3302, 1499
synth_miRNA-580-MIR-630, 10641, 1906, 8176, 38925, 2831, 1804
synth_miRNA-581-MIR-631, 19482, 42107, 11049, 73729, 4655, 3652
synth_miRNA-582-MIR-632, 8587, 6245, 89456, 72124, 5502, 3480
synth_miRNA-583-MIR-633, 330186, 195, 124, 4510, 1323, 226
synth_miRNA-584-MIR-634, 34356, 317963, 16508, 52203, 3862, 2517
synth_miRNA-585-MIR-635, 12860, 136302, 54063, 14952, 3045, 769
synth_miRNA-586-MIR-636, 53862, 4373, 7151, 19397, 2105, 1000
synth_miRNA-587-MIR-637, 21621, 100291, 17699, 2968, 890, 145
synth_miRNA-588-MIR-638, 14288, 80853, 23493, 6818, 1383, 302
synth_miRNA-589-MIR-639, 18119, 6474, 16934, 12630, 2110, 604
synth_miRNA-59-KSHV-MIR-K12-12, 95066, 1160, 1155, 11849, 2630, 603
synth_miRNA-590-MIR-640, 31069, 39821, 14411, 77537, 5476, 3782
synth_miRNA-591-MIR-641, 23227, 16453, 2003, 24705, 2573, 1202
synth_miRNA-592-MIR-642, 70733, 1470, 85, 5117, 1372, 256
synth_miRNA-593-MIR-643, 36109, 1381, 849, 12582, 2327, 597
synth_miRNA-594-MIR-644, 26067, 99108, 157026, 31709, 2959, 1565
synth_miRNA-595-MIR-645, 4518, 34074, 113004, 62329, 5584, 3095
synth_miRNA-596-MIR-646, 2101, 50379, 599598, 44754, 3952, 2172
synth_miRNA-597-MIR-647, 82032, 12024, 7539, 48063, 3714, 2290
synth_miRNA-598-MIR-648, 9076, 1652, 8597, 11849, 2164, 582
synth_miRNA-599-MIR-649, 16121, 15539, 1762, 14691, 1814, 726
synth_miRNA-6-EBV-MIR-BART1-RLCV-MIR-RL1-6, 30331, 758, 1935, 10864, 1563, 532
synth_miRNA-60-KSHV-MIR-K12-2, 22797, 58095, 40921, 56529, 3942, 2764
synth_miRNA-600-MIR-650, 22207, 26046, 18434, 44476, 3643, 2257
synth_miRNA-601-MIR-651, 3693, 3999, 11181, 12327, 2508, 570
synth_miRNA-602-MIR-653, 25823, 12912, 1995, 12610, 2117, 575
synth_miRNA-603-MIR-654, 232734, 49660, 6175, 66713, 5031, 3175
synth_miRNA-604-MIR-654-5P, 67284, 28415, 43003, 88411, 4527, 4386
synth_miRNA-605-MIR-655, 28403, 228, 620, 14353, 1676, 698
synth_miRNA-606-MIR-656, 26113, 6726, 2429, 20398, 3104, 962
synth_miRNA-607-MIR-657, 81047, 388, 1240, 12229, 2120, 573
synth_miRNA-608-MIR-658, 106115, 2956, 9746, 33690, 4467, 1598
synth_miRNA-609-MIR-659, 40203, 4313, 2603, 19579, 1797, 935
synth_miRNA-61-KSHV-MIR-K12-3*, 3435, 24574, 16100, 7129, 1580, 311
synth_miRNA-610-MIR-660, 106201, 37006, 2492, 21349, 2837, 1005
synth_miRNA-611-MIR-661, 40812, 9519, 10328, 2068, 1040, 81
synth_miRNA-612-MIR-662, 79603, 5777, 3581, 12057, 2319, 586
synth_miRNA-613-MIR-663, 90367, 3091, 470, 14570, 1383, 636
synth_miRNA-614-MIR-665, 25575, 7635, 1877, 2473, 1060, 115
synth_miRNA-615-MIR-668, 23275, 54139, 11305, 157783, 6996, 7682
synth_miRNA-616-MIR-671, 34244, 409129, 37535, 123818, 8363, 6069
synth_miRNA-617-MIR-671-5P, 5408, 1459, 1069, 8906, 1543, 401
synth_miRNA-618-MIR-675, 74814, 3374, 7078, 30934, 2640, 1530
synth_miRNA-619-MIR-7*, 180254, 534, 1560, 6136, 1630, 292
synth_miRNA-62-KSHV-MIR-K12-3, 163738, 13765, 5576, 92549, 9468, 4535
synth_miRNA-620-MIR-7, 16913, 1754, 5019, 17664, 2753, 784
synth_miRNA-621-MIR-708*, 2576, 86979, 26660, 35978, 3181, 1797
synth_miRNA-622-MIR-708, 18048, 6207, 8202, 19238, 2441, 925
synth_miRNA-623-MIR-744, 24100, 5813, 4001, 14433, 2557, 679
synth_miRNA-624-MIR-758, 7425, 71091, 29443, 35210, 3441, 1729
synth_miRNA-625-MIR-760, 8055, 10671, 6251, 27288, 3517, 1290
synth_miRNA-626-MIR-765, 43302, 597, 1072, 3154, 1243, 149
synth_miRNA-627-MIR-766, 187842, 3364, 2867, 14920, 2159, 688
synth_miRNA-628-MIR-767, 110677, 1239, 581, 23347, 2079, 1151
synth_miRNA-629-MIR-767-5P, 73282, 75421, 11940, 77836, 4991, 3749
synth_miRNA-63-KSHV-MIR-K12-4, 83262, 98744, 12329, 101400, 6935, 5055
synth_miRNA-630-MIR-768, 194890, 13918, 4478, 146454, 5078, 7203
synth_miRNA-631-MIR-768-5P, 69575, 113217, 2418, 43499, 3917, 2187
synth_miRNA-632-MIR-769, 61327, 16993, 8814, 5343, 1330, 265
synth_miRNA-633-MIR-769-5P, 32351, 760747, 144996, 117518, 6698, 5818
synth_miRNA-634-MIR-770, 30855, 6713, 12452, 12039, 2163, 548
synth_miRNA-635-MIR-770-5P, 5289, 28186, 1332, 43045, 3511, 2120
synth_miRNA-636-MIR-801, 22073, 12514, 7520, 57095, 2862, 2842
synth_miRNA-637-MIR-802, 86826, 3138, 769, 16730, 1689, 846
synth_miRNA-638-MIR-873, 4851, 49549, 3411, 4535, 1268, 216
synth_miRNA-639-MIR-874, 154470, 26045, 1214, 8805, 1540, 396
synth_miRNA-64-KSHV-MIR-K12-4-5P, 28775, 10388, 33527, 133922, 7298, 6500
synth_miRNA-640-MIR-875, 137736, 9284, 21527, 65870, 4239, 3195
synth_miRNA-641-MIR-875-5P, 2132, 1887, 152, 820, 507, 35
synth_miRNA-642-MIR-876, 22770, 167, 137, 1601, 738, 75
synth_miRNA-643-MIR-876-5P, 980, 292, 56, 61, 43, 0
synth_miRNA-644-MIR-877, 32691, 1886, 1613, 6852, 1337, 325
synth_miRNA-645-MIR-885, 13379, 5552, 4165, 4312, 1784, 220
synth_miRNA-646-MIR-885-5P, 25737, 1052, 603, 8070, 1568, 387
synth_miRNA-647-MIR-886, 53872, 5821, 3012, 1576, 779, 68
synth_miRNA-648-MIR-886-5P, 200923, 97963, 141752, 232293, 6633, 11461
synth_miRNA-649-MIR-887, 25178, 35313, 5808, 12498, 2074, 604
synth_miRNA-65-KSHV-MIR-K12-5, 115099, 149433, 143298, 144862, 6353, 7096
synth_miRNA-650-MIR-888*, 4090, 93, 56, 872, 290, 42
synth_miRNA-651-MIR-888, 102824, 2633, 432, 25420, 2853, 1240
synth_miRNA-652-MIR-889, 13694, 62461, 28211, 91702, 6420, 4413
synth_miRNA-653-MIR-890, 55405, 861, 537, 9363, 1769, 441
synth_miRNA-654-MIR-891A, 55462, 155596, 40366, 66536, 4946, 3209
synth_miRNA-655-MIR-891B, 8726, 743, 830, 24209, 1824, 1166
synth_miRNA-656-MIR-892A, 35808, 77177, 17724, 38180, 4145, 1873
synth_miRNA-657-MIR-892B, 189342, 4325, 6646, 34748, 3838, 1672
synth_miRNA-658-MIR-9*, 10515, 749, 570, 9392, 989, 342
synth_miRNA-659-MIR-9, 14635, 9608, 47365, 90767, 7352, 4376
synth_miRNA-66-KSHV-MIR-K12-6, 17659, 4895, 9593, 15375, 2947, 709
synth_miRNA-660-MIR-92A, 70076, 86013, 13351, 77310, 6694, 3680
synth_miRNA-661-MIR-92B, 35650, 114859, 3887, 28677, 3509, 1339
synth_miRNA-662-MIR-93, 84176, 6193, 4913, 31784, 3073, 1572
synth_miRNA-663-MIR-95, 39154, 6251, 15353, 151351, 4928, 7449
synth_miRNA-664-MIR-96, 3078, 8642, 26675, 7151, 1889, 315
synth_miRNA-665-MIR-98, 26068, 15647, 1746, 30014, 3024, 1463
synth_miRNA-666-MIR-99A, 9689, 40817, 47397, 56625, 3188, 2756
synth_miRNA-667-MIR-99B, 74117, 1003033, 89710, 95445, 6724, 4738
synth_miRNA-668-MIR-101B, 10424, 8530, 10005, 15877, 2529, 776
synth_miRNA-669-MIR-105, 7012, 1057, 2167, 2263, 1088, 102
synth_miRNA-67-KSHV-MIR-K12-6-5P, 726509, 1754, 330, 9046, 1772, 446
synth_miRNA-670-MIR-106A, 39088, 2006, 4642, 8064, 1715, 378
synth_miRNA-671-MIR-133A*, 51982, 2444, 2335, 6439, 1299, 304
synth_miRNA-672-MIR-151, 24153, 120814, 42241, 23981, 3551, 1161
synth_miRNA-673-MIR-155, 3684, 2145, 460, 12681, 1550, 625
synth_miRNA-674-MIR-17*, 85477, 5583, 1981, 48279, 2812, 2347
synth_miRNA-675-MIR-182, 135202, 110180, 45943, 140124, 10113, 6901
synth_miRNA-676-MIR-18B, 3956, 4185, 5784, 8739, 1682, 401
synth_miRNA-677-MIR-193B, 12417, 4583, 1397, 3850, 1151, 168
synth_miRNA-678-MIR-199B-5P, 32578, 5678, 10012, 7605, 2273, 354
synth_miRNA-679-MIR-201, 15740, 1975, 799, 11757, 2097, 571
synth_miRNA-68-KSHV-MIR-K12-7, 53306, 6623, 1915, 53917, 2920, 2572
synth_miRNA-680-MIR-202, 41955, 366, 466, 9814, 1805, 453
synth_miRNA-681-MIR-207, 15260, 363, 255, 3874, 1160, 211
synth_miRNA-682-MIR-211, 15009, 8830, 1249, 16018, 2878, 759
synth_miRNA-683-MIR-215, 44203, 82321, 7008, 120049, 3981, 5867
synth_miRNA-684-MIR-217, 206395, 19689, 59264, 101196, 6656, 5101
synth_miRNA-685-MIR-220, 35001, 12917, 582, 4437, 1321, 223
synth_miRNA-686-MIR-224, 106110, 15032, 8338, 182948, 8064, 8815
synth_miRNA-687-MIR-28, 178012, 29625, 24748, 42752, 4527, 2114
synth_miRNA-688-MIR-290, 6081, 2365, 194, 2827, 1067, 142
synth_miRNA-689-MIR-290-5P, 9705, 281, 738, 4322, 980, 196
synth_miRNA-69-KSHV-MIR-K12-8, 68111, 156348, 161133, 185727, 8457, 9053
synth_miRNA-690-MIR-291A, 3639, 616, 2767, 2233, 666, 93
synth_miRNA-691-MIR-291A-5P, 13454, 1113, 713, 4228, 905, 198
synth_miRNA-692-MIR-291B, 5744, 308, 120, 424, 173, 20
synth_miRNA-693-MIR-291B-5P, 65634, 1162, 856, 12125, 2056, 603
synth_miRNA-694-MIR-292, 3306, 346, 337, 4081, 1092, 191
synth_miRNA-695-MIR-292-5P, 36118, 3270, 7245, 22703, 2980, 1132
synth_miRNA-696-MIR-293, 52746, 2422, 4424, 24243, 3467, 1163
synth_miRNA-697-MIR-294, 4366, 157, 269, 1845, 622, 82
synth_miRNA-698-MIR-295, 9532, 6770, 874, 4800, 1781, 242
synth_miRNA-699-MIR-297B, 53446, 2087, 9728, 6971, 1671, 319
synth_miRNA-7-EBV-MIR-BART14, 3493, 7295, 1090, 27869, 2548, 1450
synth_miRNA-70-KSHV-MIR-K12-9*, 1774, 7, 0, 34, 24, 0
synth_miRNA-700-MIR-297C, 32492, 595, 1676, 684, 323, 20
synth_miRNA-701-MIR-298, 45060, 132375, 3531, 12534, 2151, 635
synth_miRNA-702-MIR-299, 3490, 12554, 6686, 7811, 1839, 333
synth_miRNA-703-MIR-300, 171425, 41597, 99098, 21937, 2987, 1056
synth_miRNA-704-MIR-301B, 91338, 93931, 3490, 14790, 2078, 670
synth_miRNA-705-MIR-302B*, 35296, 202, 104, 11078, 1331, 577
synth_miRNA-706-MIR-302C*, 11725, 6627, 2266, 53392, 2546, 2590
synth_miRNA-707-MIR-302C, 15513, 610, 4801, 3904, 1078, 193
synth_miRNA-708-MIR-322*, 38548, 7322, 3409, 89203, 3803, 4238
synth_miRNA-709-MIR-322-MIR-424, 26714, 93, 14, 156, 82, 8
synth_miRNA-71-KSHV-MIR-K12-9, 204498, 553, 170, 2926, 886, 157
synth_miRNA-710-MIR-325, 4920, 2552, 56, 5316, 1485, 263
synth_miRNA-711-MIR-325-5P, 22006, 5643, 5405, 41466, 4158, 1993
synth_miRNA-712-MIR-327, 7748, 17131, 1066, 6003, 1378, 281
synth_miRNA-713-MIR-329, 25165, 44, 116, 1873, 744, 88
synth_miRNA-714-MIR-330, 37170, 2764, 1681, 55772, 4590, 2709
synth_miRNA-715-MIR-337-5P, 49713, 9160, 6862, 20916, 3128, 1048
synth_miRNA-716-MIR-339, 13460, 24353, 29947, 14116, 2359, 655
synth_miRNA-717-MIR-341, 9864, 445802, 453367, 15701, 2628, 748
synth_miRNA-718-MIR-343, 102085, 2878, 1909, 12642, 1668, 588
synth_miRNA-719-MIR-344, 20492, 21768, 33832, 23377, 2837, 1140
synth_miRNA-72-MGHV-MIR-M1-1, 51272, 788, 1427, 12998, 1882, 615
synth_miRNA-720-MIR-344-5P, 12329, 1908, 5971, 6486, 1112, 321
synth_miRNA-721-MIR-344-5P, 6507, 5702, 3915, 40169, 5376, 1918
synth_miRNA-722-MIR-345-5P, 2621, 954, 668, 2494, 758, 123
synth_miRNA-723-MIR-346, 95492, 7207, 1587, 27550, 2983, 1319
synth_miRNA-724-MIR-34B-5P, 13652, 6864, 1681, 1148, 583, 41
synth_miRNA-725-MIR-350, 62531, 224, 162, 3171, 1061, 148
synth_miRNA-726-MIR-350, 33819, 788, 524, 2860, 1159, 133
synth_miRNA-727-MIR-351, 100426, 19814, 1891, 49136, 4883, 2517
synth_miRNA-728-MIR-351, 91905, 31271, 2585, 38655, 5276, 1881
synth_miRNA-729-MIR-362, 7422, 1882, 869, 20537, 2522, 965
synth_miRNA-73-MGHV-MIR-M1-2, 43676, 464, 1005, 5371, 1410, 299
synth_miRNA-730-MIR-362-5P, 3938, 6438, 3498, 35714, 4259, 1742
synth_miRNA-731-MIR-374*, 195020, 2593, 852, 45747, 2590, 2157
synth_miRNA-732-MIR-376A, 6425, 854, 138, 1064, 642, 48
synth_miRNA-733-MIR-376B*, 3655, 1194, 388, 7395, 1026, 373
synth_miRNA-734-MIR-376B, 22432, 1078, 746, 12478, 2005, 643
synth_miRNA-735-MIR-376C, 100399, 1333, 174, 11132, 1210, 543
synth_miRNA-736-MIR-380, 35046, 3281, 6243, 20437, 2460, 975
synth_miRNA-737-MIR-383, 67930, 87357, 40160, 42981, 6342, 2073
synth_miRNA-738-MIR-384, 61440, 2699, 519, 18001, 1664, 841
synth_miRNA-739-MIR-384-5P, 15245, 513, 244, 16928, 2278, 783
synth_miRNA-74-MGHV-MIR-M1-3, 35958, 1031, 239, 4277, 999, 199
synth_miRNA-740-MIR-429, 32932, 9230, 3420, 15636, 2381, 753
synth_miRNA-741-MIR-433-5P, 42204, 16728, 1823, 37466, 4186, 1873
synth_miRNA-742-MIR-434, 24173, 52106, 5593, 48115, 3871, 2423
synth_miRNA-743-MIR-434-5P, 40211, 116856, 55597, 50602, 4865, 2383
synth_miRNA-744-MIR-449B, 14109, 14890, 9913, 2334, 1177, 110
synth_miRNA-745-MIR-449C, 26746, 908, 1569, 3760, 658, 179
synth_miRNA-746-MIR-450B, 64730, 467, 305, 54406, 2724, 2698
synth_miRNA-747-MIR-450B-5P, 20442, 33991, 33859, 24467, 4072, 1200
synth_miRNA-748-MIR-453, 143328, 462, 786, 14281, 2251, 649
synth_miRNA-749-MIR-455, 91133, 283, 249, 49532, 4610, 2373
synth_miRNA-75-MGHV-MIR-M1-4, 250406, 3043, 305, 31249, 3187, 1571
synth_miRNA-750-MIR-463*, 215020, 876, 182, 15838, 2145, 813
synth_miRNA-751-MIR-463, 19653, 1190, 589, 4302, 1213, 196
synth_miRNA-752-MIR-464, 52702, 4089, 31645, 27329, 3164, 1363
synth_miRNA-753-MIR-465A-465B-465C, 31263, 4338, 3267, 20362, 2853, 973
synth_miRNA-754-MIR-465A-5P, 1618, 777, 566, 1726, 821, 73
synth_miRNA-755-MIR-465B-5P, 37751, 13024, 9352, 38470, 3628, 1894
synth_miRNA-756-MIR-465C-5P, 23618, 41475, 13448, 36989, 3647, 1795
synth_miRNA-757-MIR-465D, 57777, 22531, 75852, 31221, 3989, 1502
synth_miRNA-758-MIR-466A-466B-466C-466E, 5261, 629, 188, 1321, 653, 66
synth_miRNA-759-MIR-466A-5P, 84383, 7133, 4144, 8317, 1844, 388
synth_miRNA-76-MGHV-MIR-M1-5, 16474, 156389, 8143, 204063, 1916, 10077
synth_miRNA-760-MIR-466B-5P, 222943, 37299, 7125, 23152, 1865, 1158
synth_miRNA-761-MIR-466C-5P, 99776, 2760, 4395, 9527, 1681, 486
synth_miRNA-762-MIR-466D-5P, 66209, 221240, 4940, 3051, 1008, 149
synth_miRNA-763-MIR-466E-5P, 73515, 3513, 2996, 1918, 760, 83
synth_miRNA-764-MIR-466F-5P, 26421, 2947, 23416, 6094, 1339, 299
synth_miRNA-765-MIR-466G, 2910, 2849, 719, 2610, 1077, 126
synth_miRNA-766-MIR-466H, 25433, 833, 5343, 8200, 1567, 388
synth_miRNA-767-MIR-467A*-467D*, 8517, 107, 84, 644, 408, 23
synth_miRNA-768-MIR-467A-467B, 35658, 4611, 1688, 7822, 1673, 372
synth_miRNA-769-MIR-467B*, 17875, 186, 235, 1732, 803, 79
synth_miRNA-77-MGHV-MIR-M1-6, 15169, 766, 3739, 7143, 1515, 363
synth_miRNA-770-MIR-467C, 25548, 6499, 6468, 22994, 1931, 1076
synth_miRNA-771-MIR-467D, 17335, 4523, 1979, 3033, 788, 141
synth_miRNA-772-MIR-467E, 49503, 1270, 3504, 19670, 1561, 976
synth_miRNA-773-MIR-468, 83019, 24502, 49811, 73659, 4125, 3740
synth_miRNA-774-MIR-469, 11206, 11545, 580, 20690, 1653, 1007
synth_miRNA-775-MIR-470, 2072, 239415, 28285, 62065, 6405, 3002
synth_miRNA-776-MIR-471, 40994, 4456, 2877, 45269, 4614, 2236
synth_miRNA-777-MIR-483, 3465, 233, 249, 2349, 987, 85
synth_miRNA-778-MIR-483-5P, 12350, 579, 790, 3640, 1237, 197
synth_miRNA-779-MIR-488*, 159062, 25471, 2611, 39020, 3497, 1940
synth_miRNA-78-MGHV-MIR-M1-7, 37158, 213, 356, 2439, 918, 126
synth_miRNA-780-MIR-488, 3127, 112771, 17526, 9928, 2216, 511
synth_miRNA-781-MIR-489, 48483, 6820, 1720, 5653, 1695, 257
synth_miRNA-782-MIR-493, 138481, 42700, 41773, 113533, 8556, 5687
synth_miRNA-783-MIR-500, 45551, 1147, 356, 5212, 1287, 222
synth_miRNA-784-MIR-501, 3221, 304560, 2771, 30508, 3529, 1333
synth_miRNA-785-MIR-501-5P, 6856, 318, 302, 7020, 1795, 338
synth_miRNA-786-MIR-503, 16798, 95, 1111, 15117, 1520, 704
synth_miRNA-787-MIR-505, 30202, 676, 472, 21696, 2011, 978
synth_miRNA-788-MIR-509, 20087, 6914, 43067, 22021, 2312, 1102
synth_miRNA-789-MIR-509-5P, 16734, 100, 86, 10115, 1756, 498
synth_miRNA-79-MGHV-MIR-M1-7-5P, 6415, 10101, 1230, 30397, 1145, 1522
synth_miRNA-790-MIR-511, 21148, 5044, 4523, 49858, 3410, 2437
synth_miRNA-791-MIR-540, 54700, 7894, 26310, 44308, 3261, 2163
synth_miRNA-792-MIR-540-5P, 7339, 2909, 992, 694, 426, 0
synth_miRNA-793-MIR-541, 41226, 225497, 94426, 158754, 7564, 7624
synth_miRNA-794-MIR-544, 19548, 4694, 378, 2519, 949, 124
synth_miRNA-795-MIR-546, 9940, 22589, 5401, 18266, 1840, 887
synth_miRNA-796-MIR-547, 67632, 20115, 17818, 23572, 3089, 1108
synth_miRNA-797-MIR-582, 221463, 27150, 3139, 23525, 2716, 1163
synth_miRNA-798-MIR-582-5P, 1274, 4543, 18534, 1848, 491, 101
synth_miRNA-799-MIR-598, 48272, 14579, 13428, 16640, 2529, 789
synth_miRNA-8-EBV-MIR-BART14-5P, 66079, 560, 855, 24492, 1839, 1167
synth_miRNA-80-MGHV-MIR-M1-8, 12930, 1195, 1102, 34640, 1743, 1707
synth_miRNA-800-MIR-654-5P, 81547, 25254, 61181, 95149, 7066, 4654
synth_miRNA-801-MIR-665, 36593, 19439, 4610, 16458, 2650, 838
synth_miRNA-802-MIR-666, 11321, 17409, 867, 45772, 1394, 2190
synth_miRNA-803-MIR-666-5P, 22637, 492134, 195130, 101816, 6219, 4854
synth_miRNA-804-MIR-667, 136421, 3724, 1304, 14385, 2237, 694
synth_miRNA-805-MIR-669A, 71435, 1237, 3903, 10793, 1549, 526
synth_miRNA-806-MIR-669B, 8547, 376, 1603, 3564, 1115, 165
synth_miRNA-807-MIR-669C, 38365, 1335, 9052, 21015, 2875, 970
synth_miRNA-808-MIR-670, 47494, 277, 189, 9386, 1698, 438
synth_miRNA-809-MIR-672, 7256, 2997, 736, 3101, 1215, 152
synth_miRNA-81-MGHV-MIR-M1-9, 39408, 629, 1025, 29209, 2778, 1364
synth_miRNA-810-MIR-673, 55930, 593773, 163446, 121194, 8318, 5999
synth_miRNA-811-MIR-673-5P, 108575, 31922, 2247, 58990, 3120, 2889
synth_miRNA-812-MIR-674*, 68465, 2366, 502, 15568, 2663, 780
synth_miRNA-813-MIR-674, 10130, 462, 1092, 15581, 1663, 688
synth_miRNA-814-MIR-675, 35413, 3423, 1857, 1463, 641, 59
synth_miRNA-815-MIR-675-5P, 32472, 11355, 13411, 27768, 2396, 1326
synth_miRNA-816-MIR-676*, 74113, 80307, 13688, 115402, 6951, 5566
synth_miRNA-817-MIR-676, 2798, 19148, 3167, 18770, 2640, 880
synth_miRNA-818-MIR-677, 15415, 84541, 77747, 31891, 2371, 1539
synth_miRNA-819-MIR-678, 43032, 70749, 361904, 237459, 8689, 11665
synth_miRNA-82-MIR-652, 12977, 4382, 6890, 96267, 2621, 4695
synth_miRNA-820-MIR-679, 287562, 60073, 74279, 86745, 1320, 4288
synth_miRNA-821-MIR-680, 18108, 484, 1736, 13339, 1934, 622
synth_miRNA-822-MIR-681, 105889, 6556, 2850, 5711, 1493, 263
synth_miRNA-823-MIR-682, 138697, 277269, 70016, 39410, 3010, 1985
synth_miRNA-824-MIR-683, 54792, 49883, 19953, 99941, 7008, 4901
synth_miRNA-825-MIR-684, 54520, 276, 102, 4141, 852, 193
synth_miRNA-826-MIR-685, 53405, 23238, 2531, 34093, 3044, 1690
synth_miRNA-827-MIR-686, 49324, 1052, 4548, 2951, 1131, 138
synth_miRNA-828-MIR-687, 125569, 6918, 2963, 67620, 4462, 3285
synth_miRNA-829-MIR-688, 88405, 5558, 1069, 33632, 3129, 1629
synth_miRNA-83-RLCV-MIR-RL1-1, 52858, 39969, 30394, 18454, 1916, 879
synth_miRNA-830-MIR-689, 20989, 2576, 173, 539, 283, 0
synth_miRNA-831-MIR-690, 127974, 19694, 3208, 29845, 3486, 1381
synth_miRNA-832-MIR-691, 187709, 156, 30, 2033, 660, 88
synth_miRNA-833-MIR-692, 37686, 38073, 6069, 58836, 2825, 2780
synth_miRNA-834-MIR-693, 1481, 790, 94, 776, 427, 26
synth_miRNA-835-MIR-693-5P, 20804, 1124, 582, 5350, 1291, 256
synth_miRNA-836-MIR-694, 177319, 37014, 76192, 83434, 5657, 4160
synth_miRNA-837-MIR-695, 160322, 52609, 4774, 71571, 5524, 3517
synth_miRNA-838-MIR-696, 49994, 8166, 90733, 66968, 5297, 3313
synth_miRNA-839-MIR-697, 23504, 35665, 56519, 252564, 7967, 12258
synth_miRNA-84-RLCV-MIR-RL1-10, 32818, 214558, 8079, 61773, 4509, 3055
synth_miRNA-840-MIR-698, 110537, 6008, 3679, 20000, 2389, 949
synth_miRNA-841-MIR-699, 13720, 13557, 6076, 13652, 1325, 685
synth_miRNA-842-MIR-700, 277616, 27380, 19315, 159536, 6940, 7733
synth_miRNA-843-MIR-701, 11642, 1447, 6298, 10300, 1645, 528
synth_miRNA-844-MIR-702, 67846, 1318, 541, 8765, 1307, 437
synth_miRNA-845-MIR-703, 1356, 54, 12, 1113, 501, 60
synth_miRNA-846-MIR-704, 57830, 28537, 136889, 66228, 3568, 3167
synth_miRNA-847-MIR-705, 1111, 20, 46, 195, 115, 4
synth_miRNA-848-MIR-706, 108695, 230, 31, 1406, 466, 67
synth_miRNA-849-MIR-707, 86774, 1653, 2319, 17189, 2161, 873
synth_miRNA-85-RLCV-MIR-RL1-11, 21377, 9314, 9464, 124965, 3554, 6180
synth_miRNA-850-MIR-709, 144004, 718, 353, 2295, 915, 95
synth_miRNA-851-MIR-710, 147830, 607, 567, 54388, 1150, 2662
synth_miRNA-852-MIR-711, 276746, 200512, 2275, 8253, 1491, 403
synth_miRNA-853-MIR-712*, 2730, 704, 1993, 5839, 1330, 299
synth_miRNA-854-MIR-712, 66181, 98034, 5511, 102899, 5721, 5123
synth_miRNA-855-MIR-713, 670399, 8160, 7280, 67258, 4213, 3359
synth_miRNA-856-MIR-714, 63164, 174157, 1741, 35023, 2210, 1684
synth_miRNA-857-MIR-715, 126195, 7903, 7341, 5204, 1476, 273
synth_miRNA-858-MIR-717, 41823, 15737, 9509, 4893, 1521, 221
synth_miRNA-859-MIR-718, 4757, 8774, 7731, 3561, 1004, 175
synth_miRNA-86-RLCV-MIR-RL1-12, 29242, 67614, 38720, 104195, 5814, 5218
synth_miRNA-860-MIR-719, 30956, 44250, 30383, 28653, 3408, 1429
synth_miRNA-861-MIR-720, 131785, 8483, 7229, 64644, 4650, 3216
synth_miRNA-862-MIR-721, 51769, 504, 83, 2025, 600, 97
synth_miRNA-863-MIR-741, 44318, 132829, 5405, 67783, 4961, 3243
synth_miRNA-864-MIR-742*, 64092, 706, 167, 15135, 1615, 725
synth_miRNA-865-MIR-742, 100041, 141, 25, 1902, 639, 101
synth_miRNA-866-MIR-743A, 94637, 2769, 2831, 49109, 3762, 2340
synth_miRNA-867-MIR-743B, 146426, 60109, 16626, 70013, 4321, 3382
synth_miRNA-868-MIR-743B-5P, 54097, 18356, 15401, 88387, 6675, 4364
synth_miRNA-869-MIR-759, 58730, 2756, 1065, 3224, 1106, 155
synth_miRNA-87-RLCV-MIR-RL1-12-5P, 41273, 2125, 1697, 9188, 1643, 455
synth_miRNA-870-MIR-761, 219453, 6723, 4712, 183056, 3006, 9093
synth_miRNA-871-MIR-762, 53376, 22354, 9586, 19199, 2267, 967
synth_miRNA-872-MIR-763, 65186, 4718, 6118, 1238, 653, 53
synth_miRNA-873-MIR-764, 9467, 38542, 3690, 2328, 941, 107
synth_miRNA-874-MIR-764-5P, 96018, 868, 623, 8576, 1565, 413
synth_miRNA-875-MIR-770, 163296, 24467, 45774, 103404, 7589, 5027
synth_miRNA-876-MIR-770-5P, 42150, 17783, 12490, 60209, 3135, 2948
synth_miRNA-877-MIR-7B, 16228, 1815, 5596, 9955, 2189, 516
synth_miRNA-878-MIR-801, 17885, 13144, 7097, 25861, 2063, 1208
synth_miRNA-879-MIR-804, 14582, 2920, 4636, 9950, 1283, 498
synth_miRNA-88-RLCV-MIR-RL1-13, 232592, 1704, 1648, 70445, 2036, 3455
synth_miRNA-880-MIR-805, 447884, 76945, 73823, 206069, 9027, 10053
synth_miRNA-881-MIR-871, 45812, 14010, 1846, 14406, 3039, 664
synth_miRNA-882-MIR-872, 9740, 16360, 11392, 6869, 1945, 345
synth_miRNA-883-MIR-875, 64014, 11932, 13736, 17352, 2873, 853
synth_miRNA-884-MIR-876, 6922, 596, 233, 2017, 843, 86
synth_miRNA-885-MIR-876-5P, 4732, 4993, 3005, 1375, 674, 59
synth_miRNA-886-MIR-878, 86881, 1678, 7364, 115843, 6259, 5585
synth_miRNA-887-MIR-878-5P, 155523, 49148, 95836, 115009, 7737, 5633
synth_miRNA-888-MIR-879, 697, 84024, 6126, 5512, 1248, 239
synth_miRNA-889-MIR-880, 14055, 16256, 31093, 20306, 2890, 1019
synth_miRNA-89-RLCV-MIR-RL1-14, 24558, 48851, 11893, 140573, 7511, 6930
synth_miRNA-890-MIR-881, 20676, 59579, 451155, 39100, 3900, 1888
synth_miRNA-891-MIR-882, 90935, 5726, 1278, 9895, 1981, 473
synth_miRNA-892-MIR-883A, 23374, 4771, 5263, 36061, 3107, 1730
synth_miRNA-893-MIR-883B, 18844, 1159, 789, 5982, 1408, 269
synth_miRNA-894-MIR-883B-5P, 127490, 926, 312, 12923, 1932, 587
synth_miRNA-895-MIR-1*, 8783, 437, 159, 357, 223, 14
synth_miRNA-896-MIR-1, 42952, 697, 28908, 44121, 4069, 2214
synth_miRNA-897-MIR-105, 13020, 1794, 5760, 18156, 3638, 895
synth_miRNA-898-MIR-190B, 12323, 8155, 2299, 9633, 1934, 446
synth_miRNA-899-MIR-196C, 72468, 12617, 6491, 45266, 4417, 2249
synth_miRNA-9-EBV-MIR-BART15, 15190, 816, 108, 1559, 628, 75
synth_miRNA-90-RLCV-MIR-RL1-14-5P, 51339, 23497, 22484, 58449, 4425, 2823
synth_miRNA-900-MIR-201, 28768, 3493, 962, 13264, 2288, 633
synth_miRNA-901-MIR-202, 115980, 131, 143, 5800, 1295, 248
synth_miRNA-902-MIR-207, 13349, 353, 187, 3311, 1166, 186
synth_miRNA-903-MIR-20A*, 24010, 1138, 374, 16595, 1841, 804
synth_miRNA-904-MIR-20B*, 9278, 36448, 7411, 11155, 1991, 541
synth_miRNA-905-MIR-290, 13145, 9485, 4029, 15944, 2733, 815
synth_miRNA-906-MIR-290-5P, 16485, 340, 1234, 3949, 1274, 184
synth_miRNA-907-MIR-291B, 13294, 588, 341, 10154, 854, 472
synth_miRNA-908-MIR-291B-5P, 35166, 1996, 1345, 9964, 1827, 444
synth_miRNA-909-MIR-293, 47726, 262, 270, 803, 448, 52
synth_miRNA-91-RLCV-MIR-RL1-15, 37073, 3646, 39030, 48064, 3704, 2414
synth_miRNA-910-MIR-294, 8332, 144, 239, 2021, 676, 87
synth_miRNA-911-MIR-295, 5595, 3674, 1780, 7566, 1127, 340
synth_miRNA-912-MIR-297, 8673, 17115, 7663, 6974, 1746, 345
synth_miRNA-913-MIR-297C, 4264, 1138, 4274, 1964, 883, 106
synth_miRNA-914-MIR-327, 6730, 2390, 2165, 4163, 964, 199
synth_miRNA-915-MIR-333, 17839, 510, 2348, 12019, 2122, 613
synth_miRNA-916-MIR-336, 50330, 776, 291, 8296, 1427, 398
synth_miRNA-917-MIR-339, 42871, 11122, 8301, 35376, 3641, 1685
synth_miRNA-918-MIR-343, 115195, 10067, 3536, 13403, 2110, 622
synth_miRNA-919-MIR-344, 24910, 1685, 2659, 7797, 1514, 365
synth_miRNA-92-RLCV-MIR-RL1-16, 121907, 50961, 3518, 40424, 3906, 1911
synth_miRNA-920-MIR-346, 12265, 3988, 1850, 58181, 5020, 2803
synth_miRNA-921-MIR-347, 84885, 2832, 884, 8698, 1590, 418
synth_miRNA-922-MIR-349, 93050, 2380, 2455, 27238, 3180, 1366
synth_miRNA-923-MIR-352, 113505, 4957, 912, 98058, 2801, 4774
synth_miRNA-924-MIR-377, 28883, 607, 1150, 2897, 1007, 131
synth_miRNA-925-MIR-382*, 16305, 15517, 3486, 38959, 3981, 1916
synth_miRNA-926-MIR-449B, 30667, 25191, 34709, 20711, 2924, 951
synth_miRNA-927-MIR-450A, 10064, 20917, 2704, 34995, 2860, 1674
synth_miRNA-928-MIR-450B-5P, 11913, 12519, 6600, 6122, 1832, 270
synth_miRNA-929-MIR-453, 212188, 1139, 534, 38331, 4191, 1862
synth_miRNA-93-RLCV-MIR-RL1-2, 366817, 578, 1761, 58757, 2687, 2848
synth_miRNA-930-MIR-463, 14993, 2620, 890, 10497, 1714, 468
synth_miRNA-931-MIR-465, 2526, 301, 1403, 10346, 1174, 507
synth_miRNA-932-MIR-465-5P, 56083, 7342, 13277, 35357, 4111, 1712
synth_miRNA-933-MIR-466B-5P, 14028, 6097, 2457, 18510, 2006, 851
synth_miRNA-934-MIR-466C-5P, 84796, 55101, 18583, 15536, 2255, 749
synth_miRNA-935-MIR-489, 21925, 2675, 310, 1592, 767, 79
synth_miRNA-936-MIR-504, 13202, 135463, 87323, 102819, 5899, 4972
synth_miRNA-937-MIR-509, 30282, 3669, 2995, 18689, 2736, 865
synth_miRNA-938-MIR-509-5P, 14629, 187, 224, 2538, 668, 95
synth_miRNA-939-MIR-532-5P, 17507, 32569, 65234, 48272, 4892, 2370
synth_miRNA-94-RLCV-MIR-RL1-3, 191486, 88372, 3428, 37124, 3660, 1825
synth_miRNA-940-MIR-547, 30259, 2207, 33927, 7774, 1672, 383
synth_miRNA-941-MIR-590, 9883, 11267, 39350, 52755, 5168, 2508
synth_miRNA-942-MIR-590-5P, 23713, 433, 17, 529, 248, 24
synth_miRNA-943-MIR-653, 30758, 12892, 1319, 12013, 1944, 539
synth_miRNA-944-MIR-654, 75399, 25653, 5557, 45435, 4925, 2158
synth_miRNA-945-MIR-654-5P, 156280, 31793, 61238, 125039, 7355, 6128
synth_miRNA-946-MIR-664, 196387, 865, 700, 6680, 1630, 335
synth_miRNA-947-MIR-673, 29583, 2266147, 138517, 96107, 7646, 4603
synth_miRNA-948-MIR-673-5P, 140011, 3667, 1771, 6806, 1507, 295
synth_miRNA-949-MIR-741, 45754, 8966, 13609, 64869, 5294, 3188
synth_miRNA-95-RLCV-MIR-RL1-4, 39671, 81655, 773, 53744, 2211, 2728
synth_miRNA-950-MIR-742, 27205, 75, 7, 310, 217, 13
synth_miRNA-951-MIR-743A, 27120, 17776, 23922, 50395, 4423, 2467
synth_miRNA-952-MIR-743B, 107229, 29389, 6736, 53788, 3473, 2664
synth_miRNA-953-MIR-871, 88048, 6819, 2102, 57645, 4495, 2736
synth_miRNA-954-MIR-875, 229755, 6732, 4465, 32017, 3941, 1535
synth_miRNA-955-MIR-876, 47900, 167, 351, 9364, 1815, 436
synth_miRNA-956-MIR-876-5P, 7072, 5016, 2091, 1274, 641, 80
synth_miRNA-957-MIR-878, 50295, 1500, 4589, 45107, 3992, 2218
synth_miRNA-958-MIR-878-5P, 154050, 34288, 62271, 75231, 6001, 3670
synth_miRNA-959-MIR-880, 4653, 4367, 6944, 3368, 1194, 159
synth_miRNA-96-RLCV-MIR-RL1-4-5P, 12430, 48872, 4654, 25320, 2401, 1189
synth_miRNA-960-MIR-881, 44653, 200521, 80316, 57109, 4325, 2809
synth_miRNA-961-MIR-882A, 17341, 359903, 61080, 73856, 5763, 3332
synth_miRNA-962-MIR-882B, 13649, 299236, 73357, 15814, 2584, 757
synth_miRNA-97-RLCV-MIR-RL1-5, 2823, 178, 43, 305, 221, 16
synth_miRNA-98-RLCV-MIR-RL1-5-5P, 18661, 10205, 20561, 21224, 2402, 1047
synth_miRNA-99-RLCV-MIR-RL1-7, 33404, 70682, 5307, 10969, 1918, 566
